ntimestamp,total_load_kw,PV,Genset,Diesel
0:00,36.16205209,0.054,36.11,10.83
0:01,36.01544014,0.054,35.96,10.79
0:02,35.66419682,0.054,35.61,10.68
0:03,35.49574006,0.054,35.44,10.63
0:04,36.91932428,0.054,36.87,11.06
0:05,36.78338939,0.054,36.73,11.02
0:06,36.89925903,0.054,36.85,11.05
0:07,38.13675016,0.045,38.09,11.43
0:08,39.21444529,0.054,39.16,11.75
0:09,38.10023117,0.054,38.05,11.41
0:10,37.72310489,0.045,37.68,11.30
0:11,36.76064765,0.054,36.71,11.01
0:12,36.93114334,0.054,36.88,11.06
0:13,36.09635496,0.054,36.04,10.81
0:14,36.12626892,0.045,36.08,10.82
0:15,36.12284446,0.045,36.08,10.82
0:16,34.41700619,0.045,34.37,10.31
0:17,34.36585978,0.045,34.32,10.30
0:18,35.55931279,0.045,35.51,10.65
0:19,36.72439045,0.054,36.67,11.00
0:20,35.53091213,0.054,35.48,10.64
0:21,34.99730042,0.054,34.94,10.48
0:22,34.96139538,0.045,34.92,10.47
0:23,34.91709906,0.054,34.86,10.46
0:24,35.70856199,0.054,35.65,10.70
0:25,35.57530922,0.054,35.52,10.66
0:26,35.51422057,0.045,35.47,10.64
0:27,35.48584825,0.045,35.44,10.63
0:28,37.52263212,0.054,37.47,11.24
0:29,37.69101423,0.054,37.64,11.29
0:30,36.00437871,0.054,35.95,10.79
0:31,35.93243712,0.054,35.88,10.76
0:32,35.94635099,0.045,35.90,10.77
0:33,37.98096845,0.054,37.93,11.38
0:34,37.7366606,0.063,37.67,11.30
0:35,37.63843936,0.054,37.58,11.28
0:36,37.58759746,0.054,37.53,11.26
0:37,37.5779196,0.045,37.53,11.26
0:38,37.38078243,0.045,37.34,11.20
0:39,37.56920323,0.045,37.52,11.26
0:40,36.92422709,0.054,36.87,11.06
0:41,36.85892433,0.054,36.80,11.04
0:42,38.24791306,0.054,38.19,11.46
0:43,37.01120505,0.054,36.96,11.09
0:44,36.54240918,0.045,36.50,10.95
0:45,37.39378658,0.054,37.34,11.20
0:46,37.84905347,0.054,37.80,11.34
0:47,38.76973236,0.054,38.72,11.61
0:48,37.52713215,0.054,37.47,11.24
0:49,36.80715421,0.045,36.76,11.03
0:50,37.95698726,0.054,37.90,11.37
0:51,37.86731502,0.054,37.81,11.34
0:52,35.77570125,0.054,35.72,10.72
0:53,34.9684588,0.054,34.91,10.47
0:54,34.96955439,0.054,34.92,10.47
0:55,34.92521864,0.045,34.88,10.46
0:56,34.84556857,0.045,34.80,10.44
0:57,35.61872283,0.063,35.56,10.67
0:58,36.57445282,0.054,36.52,10.96
0:59,35.71663231,0.054,35.66,10.70
1:00,36.37978721,0.054,36.33,10.90
1:01,35.13621676,0.054,35.08,10.52
1:02,37.37337399,0.045,37.33,11.20
1:03,37.3807945,0.045,37.34,11.20
1:04,37.47874403,0.054,37.42,11.23
1:05,35.26605821,0.054,35.21,10.56
1:06,35.21242565,0.054,35.16,10.55
1:07,35.1639179,0.063,35.10,10.53
1:08,35.06665269,0.045,35.02,10.51
1:09,35.04824898,0.054,34.99,10.50
1:10,35.02674061,0.054,34.97,10.49
1:11,35.34499177,0.045,35.30,10.59
1:12,36.22046041,0.054,36.17,10.85
1:13,35.66386235,0.063,35.60,10.68
1:14,35.60503265,0.054,35.55,10.67
1:15,34.98935911,0.045,34.94,10.48
1:16,34.92029572,0.063,34.86,10.46
1:17,36.15065673,0.054,36.10,10.83
1:18,36.64913392,0.054,36.60,10.98
1:19,37.65770459,0.054,37.60,11.28
1:20,37.33185911,0.045,37.29,11.19
1:21,37.23495421,0.054,37.18,11.15
1:22,37.96962386,0.045,37.92,11.38
1:23,37.84109053,0.054,37.79,11.34
1:24,36.84558266,0.063,36.78,11.03
1:25,36.64329958,0.054,36.59,10.98
1:26,37.87555361,0.054,37.82,11.35
1:27,37.87096229,0.045,37.83,11.35
1:28,38.61848626,0.063,38.56,11.57
1:29,37.25468266,0.054,37.20,11.16
1:30,37.11012957,0.054,37.06,11.12
1:31,37.99215764,0.054,37.94,11.38
1:32,37.28017509,0.045,37.24,11.17
1:33,35.79384345,0.054,35.74,10.72
1:34,35.76515114,0.054,35.71,10.71
1:35,35.39368173,0.054,35.34,10.60
1:36,35.25733271,0.054,35.20,10.56
1:37,35.3025147,0.054,35.25,10.57
1:38,34.91036636,0.054,34.86,10.46
1:39,34.87218198,0.054,34.82,10.45
1:40,34.78115603,0.054,34.73,10.42
1:41,35.53287613,0.054,35.48,10.64
1:42,35.24829429,0.063,35.19,10.56
1:43,35.95104969,0.063,35.89,10.77
1:44,35.6039789,0.054,35.55,10.66
1:45,36.89762476,0.054,36.84,11.05
1:46,35.61669874,0.054,35.56,10.67
1:47,35.60556024,0.054,35.55,10.67
1:48,34.82823864,0.054,34.77,10.43
1:49,34.7660307,0.054,34.71,10.41
1:50,35.71751994,0.054,35.66,10.70
1:51,35.3811518,0.054,35.33,10.60
1:52,36.54539949,0.063,36.48,10.94
1:53,37.66197842,0.054,37.61,11.28
1:54,35.35971406,0.054,35.31,10.59
1:55,35.36134905,0.045,35.32,10.59
1:56,35.45108119,0.054,35.40,10.62
1:57,35.57408273,0.054,35.52,10.66
1:58,35.46371403,0.045,35.42,10.63
1:59,35.43290743,0.063,35.37,10.61
2:00,35.83584934,0.054,35.78,10.73
2:01,35.51276708,0.045,35.47,10.64
2:02,36.56523335,0.054,36.51,10.95
2:03,37.49163598,0.063,37.43,11.23
2:04,37.34880745,0.054,37.29,11.19
2:05,37.34450984,0.063,37.28,11.18
2:06,39.19764858,0.063,39.13,11.74
2:07,38.88246614,0.054,38.83,11.65
2:08,39.24409229,0.054,39.19,11.76
2:09,38.99114138,0.054,38.94,11.68
2:10,37.63396329,0.054,37.58,11.27
2:11,36.80528873,0.054,36.75,11.03
2:12,37.54678577,0.045,37.50,11.25
2:13,37.6716468,0.054,37.62,11.29
2:14,37.75427064,0.054,37.70,11.31
2:15,38.37291938,0.063,38.31,11.49
2:16,37.95825675,0.045,37.91,11.37
2:17,37.91415453,0.054,37.86,11.36
2:18,36.69216129,0.054,36.64,10.99
2:19,36.67593303,0.054,36.62,10.99
2:20,36.54267249,0.045,36.50,10.95
2:21,36.48973936,0.054,36.44,10.93
2:22,36.71297327,0.054,36.66,11.00
2:23,36.63627496,0.054,36.58,10.97
2:24,36.61568937,0.045,36.57,10.97
2:25,37.40211171,0.054,37.35,11.20
2:26,37.20366436,0.054,37.15,11.14
2:27,36.48832414,0.054,36.43,10.93
2:28,36.42555776,0.063,36.36,10.91
2:29,37.88700888,0.054,37.83,11.35
2:30,37.67359391,0.045,37.63,11.29
2:31,38.74851125,0.045,38.70,11.61
2:32,38.31580773,0,38.32,11.49
2:33,37.07645425,0.054,37.02,11.11
2:34,36.02297679,0.045,35.98,10.79
2:35,35.90669793,0.054,35.85,10.76
2:36,38.26255533,0.063,38.20,11.46
2:37,38.33800149,0.054,38.28,11.49
2:38,38.20625478,0.054,38.15,11.45
2:39,39.39317912,0.054,39.34,11.80
2:40,40.84320769,0.045,40.80,12.24
2:41,39.59413397,0.054,39.54,11.86
2:42,39.03996089,0.045,38.99,11.70
2:43,38.99412113,0.054,38.94,11.68
2:44,39.71069115,0.054,39.66,11.90
2:45,39.53054273,0.063,39.47,11.84
2:46,38.72300175,0.054,38.67,11.60
2:47,38.63419318,0.045,38.59,11.58
2:48,38.60655195,0.054,38.55,11.57
2:49,38.61269617,0.054,38.56,11.57
2:50,38.84680304,0.054,38.79,11.64
2:51,36.80766749,0.054,36.75,11.03
2:52,36.70660955,0.054,36.65,11.00
2:53,37.67848867,0.054,37.62,11.29
2:54,36.7000376,0.054,36.65,10.99
2:55,35.9322947,0.063,35.87,10.76
2:56,35.88190225,0.054,35.83,10.75
2:57,35.82541519,0.054,35.77,10.73
2:58,37.2383641,0.054,37.18,11.16
2:59,36.4353548,0.054,36.38,10.91
3:00,38.52124196,0.045,38.48,11.54
3:01,39.16042355,0.063,39.10,11.73
3:02,38.87503517,0.054,38.82,11.65
3:03,36.48773423,0.045,36.44,10.93
3:04,33.42522222,0.054,33.37,10.01
3:05,33.43760884,0.045,33.39,10.02
3:06,33.39017245,0.054,33.34,10.00
3:07,33.42117226,0.054,33.37,10.01
3:08,33.17770797,0.054,33.12,9.94
3:09,34.04048145,0.036,34.00,10.20
3:10,33.98606211,0.054,33.93,10.18
3:11,33.83694711,0.054,33.78,10.13
3:12,33.68729836,0.054,33.63,10.09
3:13,33.68779975,0.054,33.63,10.09
3:14,33.36843288,0.054,33.31,9.99
3:15,33.39922267,0.054,33.35,10.00
3:16,33.3256731,0.063,33.26,9.98
3:17,33.31740591,0.054,33.26,9.98
3:18,35.70274204,0.063,35.64,10.69
3:19,34.82431823,0.054,34.77,10.43
3:20,34.63729995,0.045,34.59,10.38
3:21,34.04774138,0.054,33.99,10.20
3:22,35.20071656,0.045,35.16,10.55
3:23,35.16722605,0.045,35.12,10.54
3:24,34.56256074,0.054,34.51,10.35
3:25,33.37051749,0.054,33.32,9.99
3:26,34.09608471,0.045,34.05,10.22
3:27,33.07982576,0.054,33.03,9.91
3:28,33.97939754,0.054,33.93,10.18
3:29,33.870864,0.054,33.82,10.15
3:30,33.34464437,0.054,33.29,9.99
3:31,33.33006915,0.054,33.28,9.98
3:32,33.31176496,0.054,33.26,9.98
3:33,33.32504842,0.054,33.27,9.98
3:34,33.33199695,0.054,33.28,9.98
3:35,33.30843446,0.054,33.25,9.98
3:36,33.33320734,0.054,33.28,9.98
3:37,33.29732439,0.054,33.24,9.97
3:38,33.96211231,0.054,33.91,10.17
3:39,33.95595413,0.045,33.91,10.17
3:40,33.32150611,0.063,33.26,9.98
3:41,33.13080356,0.063,33.07,9.92
3:42,34.24616405,0.054,34.19,10.26
3:43,33.94507429,0.063,33.88,10.16
3:44,33.96120286,0.063,33.90,10.17
3:45,34.29971561,0.045,34.25,10.28
3:46,35.43445757,0.054,35.38,10.61
3:47,35.71264198,0.054,35.66,10.70
3:48,34.35033417,0.054,34.30,10.29
3:49,33.71663386,0.063,33.65,10.10
3:50,34.45314628,0.063,34.39,10.32
3:51,33.29479033,0.054,33.24,9.97
3:52,33.66893899,0.045,33.62,10.09
3:53,33.67168254,0.054,33.62,10.09
3:54,33.69723818,0.054,33.64,10.09
3:55,34.37585118,0.054,34.32,10.30
3:56,34.68998399,0.054,34.64,10.39
3:57,35.36470664,0.054,35.31,10.59
3:58,35.31462425,0.054,35.26,10.58
3:59,34.29546466,0.063,34.23,10.27
4:00,37.50089085,0.054,37.45,11.23
4:01,39.88739312,0.054,39.83,11.95
4:02,36.5705815,0.054,36.52,10.95
4:03,35.79565072,0.045,35.75,10.73
4:04,36.28078133,0.054,36.23,10.87
4:05,36.33561373,0.054,36.28,10.88
4:06,36.48660868,0.054,36.43,10.93
4:07,38.01362568,0.054,37.96,11.39
4:08,37.9885515,0.045,37.94,11.38
4:09,38.58393753,0.054,38.53,11.56
4:10,39.6504305,0.054,39.60,11.88
4:11,39.04373646,0.054,38.99,11.70
4:12,37.69830412,0.054,37.64,11.29
4:13,36.01260567,0.054,35.96,10.79
4:14,35.15023121,0.054,35.10,10.53
4:15,35.25836259,0,35.26,10.58
4:16,36.68688709,0.045,36.64,10.99
4:17,36.50656915,0.054,36.45,10.94
4:18,37.85474896,0.054,37.80,11.34
4:19,36.93476763,0.054,36.88,11.06
4:20,36.73863029,0.054,36.68,11.01
4:21,36.03176209,0.045,35.99,10.80
4:22,36.00476834,0.054,35.95,10.79
4:23,35.39807823,0.054,35.34,10.60
4:24,35.3227002,0.054,35.27,10.58
4:25,35.78187132,0.054,35.73,10.72
4:26,35.74995491,0.054,35.70,10.71
4:27,35.92220762,0.054,35.87,10.76
4:28,35.89973429,0.054,35.85,10.75
4:29,35.8562429,0.054,35.80,10.74
4:30,36.63392168,0.045,36.59,10.98
4:31,36.93139762,0.054,36.88,11.06
4:32,37.1960375,0.054,37.14,11.14
4:33,35.12457982,0.063,35.06,10.52
4:34,35.03839561,0.054,34.98,10.50
4:35,36.36088881,0.045,36.32,10.89
4:36,37.39903942,0.054,37.35,11.20
4:37,35.86276129,0.054,35.81,10.74
4:38,36.92480296,0.054,36.87,11.06
4:39,36.951103,0.054,36.90,11.07
4:40,37.68001834,0.063,37.62,11.29
4:41,37.68035647,0.045,37.64,11.29
4:42,36.97871348,0.054,36.92,11.08
4:43,37.06177318,0.054,37.01,11.10
4:44,36.87572855,0.054,36.82,11.05
4:45,36.95740378,0.045,36.91,11.07
4:46,37.03075272,0.054,36.98,11.09
4:47,37.92669144,0.054,37.87,11.36
4:48,37.83184513,0.054,37.78,11.33
4:49,38.72211617,0.054,38.67,11.60
4:50,38.3380495,0.054,38.28,11.49
4:51,37.69218153,0.054,37.64,11.29
4:52,37.2781527,0.054,37.22,11.17
4:53,36.95328614,0.054,36.90,11.07
4:54,38.11883506,0.054,38.06,11.42
4:55,39.35074425,0.054,39.30,11.79
4:56,37.66782072,0.054,37.61,11.28
4:57,37.22162095,0.054,37.17,11.15
4:58,37.34058997,0.045,37.30,11.19
4:59,39.41184363,0.054,39.36,11.81
5:00,34.69035655,1.8,32.89,9.87
5:01,38.72006464,1.674,37.05,11.11
5:02,38.41076258,1.557,36.85,11.06
5:03,39.64330396,1.44,38.20,11.46
5:04,40.08540317,1.323,38.76,11.63
5:05,39.3922483,1.17,38.22,11.47
5:06,38.5582104,1.089,37.47,11.24
5:07,38.52290127,1.008,37.51,11.25
5:08,38.77584279,0.927,37.85,11.35
5:09,36.18955868,0.873,35.32,10.59
5:10,36.13151765,0.783,35.35,10.60
5:11,35.81241515,0.693,35.12,10.54
5:12,35.92305681,0.621,35.30,10.59
5:13,36.65791932,0.531,36.13,10.84
5:14,36.67388535,0.441,36.23,10.87
5:15,36.2167291,0.378,35.84,10.75
5:16,37.57976416,0.333,37.25,11.17
5:17,38.07944557,0.279,37.80,11.34
5:18,37.54740205,0.234,37.31,11.19
5:19,37.1017541,0.198,36.90,11.07
5:20,36.55508333,0.189,36.37,10.91
5:21,37.01104403,0.171,36.84,11.05
5:22,36.55898809,0.162,36.40,10.92
5:23,37.80681735,0.135,37.67,11.30
5:24,38.35245493,0.135,38.22,11.47
5:25,37.57702079,0.117,37.46,11.24
5:26,37.77056488,0.099,37.67,11.30
5:27,37.70377994,0.099,37.60,11.28
5:28,37.53709263,0.09,37.45,11.23
5:29,37.12165368,0.09,37.03,11.11
5:30,36.97289363,0.081,36.89,11.07
5:31,37.10867321,0.063,37.05,11.11
5:32,38.25880238,0.072,38.19,11.46
5:33,38.52791682,0.072,38.46,11.54
5:34,37.78793076,0.063,37.72,11.32
5:35,38.30203566,0.063,38.24,11.47
5:36,38.82562056,0.063,38.76,11.63
5:37,39.17136097,0.063,39.11,11.73
5:38,37.26362264,0.063,37.20,11.16
5:39,37.48136598,0.063,37.42,11.23
5:40,37.86443067,0.054,37.81,11.34
5:41,39.09630954,0.063,39.03,11.71
5:42,40.52176014,0.054,40.47,12.14
5:43,40.35577655,0.054,40.30,12.09
5:44,39.2432448,0.063,39.18,11.75
5:45,38.79900464,0.054,38.75,11.62
5:46,38.19738427,0.063,38.13,11.44
5:47,39.23507112,0.054,39.18,11.75
5:48,39.16531572,0.063,39.10,11.73
5:49,38.16244385,0.063,38.10,11.43
5:50,38.64351851,0.063,38.58,11.57
5:51,38.27512988,0.045,38.23,11.47
5:52,37.76125073,0.063,37.70,11.31
5:53,39.19965389,0.054,39.15,11.74
5:54,39.08608997,0.054,39.03,11.71
5:55,38.03534228,0.054,37.98,11.39
5:56,39.26366544,0.054,39.21,11.76
5:57,38.02898777,0.054,37.97,11.39
5:58,38.3132101,0.054,38.26,11.48
5:59,38.32547772,0.054,38.27,11.48
6:00,37.03860435,8.757,28.28,8.48
6:01,35.50336415,8.451,27.05,8.12
6:02,39.40909776,8.181,31.23,9.37
6:03,39.24885777,8.154,31.09,9.33
6:04,39.31012568,8.235,31.08,9.32
6:05,40.03685036,8.37,31.67,9.50
6:06,38.55842534,8.424,30.13,9.04
6:07,38.76809397,8.505,30.26,9.08
6:08,38.05765736,8.712,29.35,8.80
6:09,38.00388935,9.234,28.77,8.63
6:10,34.27368093,9.432,24.84,7.45
6:11,34.40654853,9.279,25.13,7.54
6:12,34.77615693,8.541,26.24,7.87
6:13,34.72296086,7.821,26.90,8.07
6:14,36.07677618,7.587,28.49,8.55
6:15,36.77165526,7.695,29.08,8.72
6:16,35.52434653,7.902,27.62,8.29
6:17,35.93774915,8.064,27.87,8.36
6:18,35.62441143,7.947,27.68,8.30
6:19,37.04217991,7.731,29.31,8.79
6:20,37.70192179,7.515,30.19,9.06
6:21,37.12763572,7.389,29.74,8.92
6:22,36.32640088,7.245,29.08,8.72
6:23,36.2675786,7.146,29.12,8.74
6:24,38.34513214,7.011,31.33,9.40
6:25,36.61700141,6.831,29.79,8.94
6:26,36.55907473,6.651,29.91,8.97
6:27,35.83142495,6.345,29.49,8.85
6:28,35.79701337,6.048,29.75,8.92
6:29,35.74361882,5.778,29.97,8.99
6:30,35.92284465,5.634,30.29,9.09
6:31,35.91190302,5.562,30.35,9.10
6:32,40.51889983,5.472,35.05,10.51
6:33,40.48015559,5.283,35.20,10.56
6:34,41.23043686,5.085,36.15,10.84
6:35,40.99389213,4.923,36.07,10.82
6:36,36.13059077,4.869,31.26,9.38
6:37,34.97529244,4.743,30.23,9.07
6:38,35.14607406,4.581,30.57,9.17
6:39,36.41736084,0,36.42,10.93
6:40,36.23337436,4.329,31.90,9.57
6:41,35.87119308,4.167,31.70,9.51
6:42,35.84783372,4.095,31.75,9.53
6:43,35.78589767,4.032,31.75,9.53
6:44,35.71355367,3.978,31.74,9.52
6:45,35.76618612,3.852,31.91,9.57
6:46,35.93236327,3.654,32.28,9.68
6:47,32.96821332,3.492,29.48,8.84
6:48,34.32441527,3.375,30.95,9.28
6:49,34.14360711,3.258,30.89,9.27
6:50,35.25015959,3.231,32.02,9.61
6:51,35.41591895,3.186,32.23,9.67
6:52,36.81911409,3.123,33.70,10.11
6:53,36.98627293,2.997,33.99,10.20
6:54,37.45178756,2.835,34.62,10.39
6:55,39.03107303,2.628,36.40,10.92
6:56,38.48755395,2.448,36.04,10.81
6:57,37.97546026,2.223,35.75,10.73
6:58,38.09207618,2.079,36.01,10.80
6:59,34.57385901,1.953,32.62,9.79
7:00,33.18709499,14.22,18.97,5.69
7:01,34.63193446,15.003,19.63,5.89
7:02,34.6006144,15.489,19.11,5.73
7:03,36.9228588,15.291,21.63,6.49
7:04,35.08505416,15.687,19.40,5.82
7:05,35.46958378,16.335,19.13,5.74
7:06,37.58443898,16.776,20.81,6.24
7:07,35.99250385,16.92,19.07,5.72
7:08,35.38057593,16.785,18.60,5.58
7:09,34.614793,16.371,18.24,5.47
7:10,36.21488678,18.369,17.85,5.35
7:11,35.80616659,17.829,17.98,5.39
7:12,36.43936792,16.371,20.07,6.02
7:13,36.51505762,14.949,21.57,6.47
7:14,35.72832638,16.209,19.52,5.86
7:15,34.86298317,15.03,19.83,5.95
7:16,35.7601018,15.291,20.47,6.14
7:17,35.30317059,15.516,19.79,5.94
7:18,33.87166938,0,33.87,10.16
7:19,33.40516448,12.303,21.10,6.33
7:20,33.78291956,10.251,23.53,7.06
7:21,33.72490373,8.964,24.76,7.43
7:22,33.74565428,8.505,25.24,7.57
7:23,33.69204569,8.712,24.98,7.49
7:24,33.33066469,9.009,24.32,7.30
7:25,33.32951635,9.18,24.15,7.24
7:26,34.20826453,9.504,24.70,7.41
7:27,33.9345873,9.486,24.45,7.33
7:28,34.78862116,9.36,25.43,7.63
7:29,35.6431734,8.847,26.80,8.04
7:30,36.11912915,8.415,27.70,8.31
7:31,36.87564737,8.244,28.63,8.59
7:32,38.06112948,8.667,29.39,8.82
7:33,38.18658739,9.63,28.56,8.57
7:34,38.01628456,10.476,27.54,8.26
7:35,36.78156844,11.115,25.67,7.70
7:36,37.83830559,11.034,26.80,8.04
7:37,37.00036258,10.908,26.09,7.83
7:38,35.77419618,10.782,24.99,7.50
7:39,37.84145093,10.251,27.59,8.28
7:40,38.55416429,9.315,29.24,8.77
7:41,38.73989922,8.397,30.34,9.10
7:42,38.93899405,7.839,31.10,9.33
7:43,40.31022888,7.731,32.58,9.77
7:44,40.17654723,7.857,32.32,9.70
7:45,38.94576573,7.695,31.25,9.38
7:46,39.35009426,7.362,31.99,9.60
7:47,43.69912237,7.101,36.60,10.98
7:48,42.87994337,7.029,35.85,10.76
7:49,42.00685912,7.056,34.95,10.49
7:50,40.46847662,7.218,33.25,9.98
7:51,40.43372753,7.578,32.86,9.86
7:52,39.32424125,7.902,31.42,9.43
7:53,40.43603852,8.028,32.41,9.72
7:54,45.56862769,8.028,37.54,11.26
7:55,40.57419553,8.109,32.47,9.74
7:56,39.43517581,8.46,30.98,9.29
7:57,39.1620672,8.829,30.33,9.10
7:58,40.59807962,8.991,31.61,9.48
7:59,37.12840524,8.91,28.22,8.47
8:00,31.42190266,24.129,7.29,2.19
8:01,30.41411841,38.835,0.00,0.00
8:02,30.41944805,40.392,0.00,0.00
8:03,29.9717288,36.387,0.00,0.00
8:04,31.42664132,27.405,4.02,1.21
8:05,31.40626752,26.748,4.66,1.40
8:06,28.08835217,27.567,0.52,0.16
8:07,28.3927432,26.127,2.27,0.68
8:08,28.97374937,24.291,4.68,1.40
8:09,29.29235986,25.74,3.55,1.07
8:10,28.51442501,27.369,1.15,0.34
8:11,27.91162848,37.323,0.00,0.00
8:12,30.43271238,45.243,0.00,0.00
8:13,30.36224663,27.027,3.34,1.00
8:14,29.09510332,25.524,3.57,1.07
8:15,28.8791585,24.606,4.27,1.28
8:16,30.78647903,24.669,6.12,1.84
8:17,30.7740646,25.695,5.08,1.52
8:18,31.98202756,22.734,9.25,2.77
8:19,32.0787254,39.627,0.00,0.00
8:20,31.65648919,20.538,11.12,3.34
8:21,30.90604377,18.504,12.40,3.72
8:22,30.72509256,18.333,12.39,3.72
8:23,31.1409055,18.81,12.33,3.70
8:24,33.28942716,19.899,13.39,4.02
8:25,31.65326518,21.366,10.29,3.09
8:26,33.40882266,38.673,0.00,0.00
8:27,33.87277472,24.723,9.15,2.74
8:28,30.99411115,24.687,6.31,1.89
8:29,30.72705755,23.67,7.06,2.12
8:30,29.34780702,21.366,7.98,2.39
8:31,29.45354792,19.269,10.18,3.06
8:32,29.49627748,18.234,11.26,3.38
8:33,30.51781958,18.513,12.00,3.60
8:34,30.51048535,19.152,11.36,3.41
8:35,30.09663579,18.783,11.31,3.39
8:36,30.80678174,19.053,11.75,3.53
8:37,32.39546648,19.854,12.54,3.76
8:38,34.19779408,19.872,14.33,4.30
8:39,32.99778825,18.783,14.21,4.26
8:40,31.2144421,25.947,5.27,1.58
8:41,31.21152762,18.666,12.55,3.76
8:42,31.5802888,13.671,17.91,5.37
8:43,31.45481542,13.05,18.40,5.52
8:44,31.08320448,13.131,17.95,5.39
8:45,31.15565193,13.23,17.93,5.38
8:46,30.47319737,13.716,16.76,5.03
8:47,32.79165378,14.931,17.86,5.36
8:48,32.50881886,16.848,15.66,4.70
8:49,31.9694421,17.379,14.59,4.38
8:50,31.87985677,25.56,6.32,1.90
8:51,30.64003086,18.144,12.50,3.75
8:52,30.37734479,18.162,12.22,3.66
8:53,30.27930906,20.952,9.33,2.80
8:54,29.75456536,17.82,11.93,3.58
8:55,29.71475253,19.656,10.06,3.02
8:56,30.71869978,16.893,13.83,4.15
8:57,34.24846986,16.065,18.18,5.46
8:58,33.91814572,13.923,20.00,6.00
8:59,33.18981877,13.482,19.71,5.91
9:00,34.29313266,58.644,0.00,0.00
9:01,33.15050519,47.124,0.00,0.00
9:02,29.60688132,56.988,0.00,0.00
9:03,29.05940598,59.805,0.00,0.00
9:04,28.3386215,0,28.34,8.50
9:05,29.71579492,68.409,0.00,0.00
9:06,29.81667173,65.655,0.00,0.00
9:07,31.71711302,41.769,0.00,0.00
9:08,30.60943615,45.072,0.00,0.00
9:09,30.38256419,49.761,0.00,0.00
9:10,30.31271374,31.851,0.00,0.00
9:11,28.13582683,31.896,0.00,0.00
9:12,28.69816482,32.148,0.00,0.00
9:13,28.35223585,32.814,0.00,0.00
9:14,28.35101795,37.224,0.00,0.00
9:15,28.81463116,62.622,0.00,0.00
9:16,30.22828174,61.632,0.00,0.00
9:17,30.42423838,60.084,0.00,0.00
9:18,29.65010136,53.856,0.00,0.00
9:19,28.56662339,30.762,0.00,0.00
9:20,29.21358758,29.736,0.00,0.00
9:21,29.19518852,29.592,0.00,0.00
9:22,30.98306018,27.918,3.07,0.92
9:23,28.93904078,28.134,0.81,0.24
9:24,27.98148966,49.014,0.00,0.00
9:25,27.94543469,54.495,0.00,0.00
9:26,28.51074833,46.422,0.00,0.00
9:27,28.20581746,54.873,0.00,0.00
9:28,26.7812444,53.001,0.00,0.00
9:29,27.38789749,39.978,0.00,0.00
9:30,27.25044644,33.3,0.00,0.00
9:31,27.00555548,31.878,0.00,0.00
9:32,28.32862955,55.008,0.00,0.00
9:33,27.34153926,42.75,0.00,0.00
9:34,27.22521615,36.981,0.00,0.00
9:35,27.24246722,50.598,0.00,0.00
9:36,27.73998821,57.105,0.00,0.00
9:37,27.46436012,56.853,0.00,0.00
9:38,30.16121793,54.819,0.00,0.00
9:39,28.53097272,54.891,0.00,0.00
9:40,27.78465298,54.738,0.00,0.00
9:41,28.22969529,56.844,0.00,0.00
9:42,28.81302452,51.165,0.00,0.00
9:43,27.89127338,53.928,0.00,0.00
9:44,28.70660931,52.614,0.00,0.00
9:45,30.59148985,52.47,0.00,0.00
9:46,28.37230486,0,28.37,8.51
9:47,29.08281434,54.594,0.00,0.00
9:48,31.69679743,54.396,0.00,0.00
9:49,30.33274519,55.521,0.00,0.00
9:50,30.60742271,55.674,0.00,0.00
9:51,30.33482713,39.42,0.00,0.00
9:52,29.74868166,56.925,0.00,0.00
9:53,29.74392396,47.997,0.00,0.00
9:54,29.95595902,51.444,0.00,0.00
9:55,29.82806799,49.905,0.00,0.00
9:56,30.55918685,25.236,5.32,1.60
9:57,28.98367578,23.859,5.12,1.54
9:58,30.03702593,23.76,6.28,1.88
9:59,30.60706258,23.715,6.89,2.07
10:00,30.97795969,70.893,0.00,0.00
10:01,31.41789258,69.831,0.00,0.00
10:02,30.66063076,70.29,0.00,0.00
10:03,30.1520614,68.625,0.00,0.00
10:04,31.18007961,67.743,0.00,0.00
10:05,31.85225308,66.942,0.00,0.00
10:06,30.43783987,67.068,0.00,0.00
10:07,30.29348302,66.051,0.00,0.00
10:08,30.25429004,64.386,0.00,0.00
10:09,30.14514443,62.712,0.00,0.00
10:10,30.74348411,62.703,0.00,0.00
10:11,33.28578401,62.451,0.00,0.00
10:12,32.2829057,62.451,0.00,0.00
10:13,33.18828401,62.37,0.00,0.00
10:14,32.89202794,64.413,0.00,0.00
10:15,33.89091665,61.911,0.00,0.00
10:16,35.1454213,61.614,0.00,0.00
10:17,33.5372631,63.657,0.00,0.00
10:18,33.41847003,65.007,0.00,0.00
10:19,32.79287463,63.765,0.00,0.00
10:20,33.30168924,64.161,0.00,0.00
10:21,34.74149573,63.558,0.00,0.00
10:22,34.26201296,62.991,0.00,0.00
10:23,35.38942695,61.083,0.00,0.00
10:24,35.7497406,60.822,0.00,0.00
10:25,34.60336035,61.227,0.00,0.00
10:26,34.12659556,61.128,0.00,0.00
10:27,34.10308939,60.255,0.00,0.00
10:28,34.42178857,60.399,0.00,0.00
10:29,34.78434634,55.791,0.00,0.00
10:30,35.9608165,39.564,0.00,0.00
10:31,34.38113487,55.53,0.00,0.00
10:32,35.50721401,56.412,0.00,0.00
10:33,35.15754774,40.077,0.00,0.00
10:34,35.94890758,31.635,4.31,1.29
10:35,35.12626272,35.208,0.00,0.00
10:36,36.01267791,51.894,0.00,0.00
10:37,33.6115517,22.959,10.65,3.20
10:38,33.28890225,57.024,0.00,0.00
10:39,31.72488874,59.409,0.00,0.00
10:40,33.40253288,52.2,0.00,0.00
10:41,34.71034259,53.676,0.00,0.00
10:42,35.44763419,62.541,0.00,0.00
10:43,35.95686105,64.593,0.00,0.00
10:44,35.47912413,34.938,0.54,0.16
10:45,34.92388675,61.569,0.00,0.00
10:46,35.02851623,63.072,0.00,0.00
10:47,35.06625831,58.95,0.00,0.00
10:48,36.16145477,63.837,0.00,0.00
10:49,36.53842574,63.927,0.00,0.00
10:50,35.41906419,65.034,0.00,0.00
10:51,36.57353264,66.213,0.00,0.00
10:52,36.16939294,34.515,1.65,0.50
10:53,35.6151174,59.391,0.00,0.00
10:54,37.32704312,65.151,0.00,0.00
10:55,35.98203769,67.239,0.00,0.00
10:56,34.60071069,65.412,0.00,0.00
10:57,37.30518857,64.242,0.00,0.00
10:58,34.19719613,56.853,0.00,0.00
10:59,35.39627767,66.528,0.00,0.00
11:00,40.5364936,69.282,0.00,0.00
11:01,40.46488291,69.336,0.00,0.00
11:02,40.95155114,69.948,0.00,0.00
11:03,44.77774689,70.371,0.00,0.00
11:04,44.2788299,70.146,0.00,0.00
11:05,45.64660487,70.965,0.00,0.00
11:06,47.28628698,69.138,0.00,0.00
11:07,41.09702137,70.659,0.00,0.00
11:08,40.97831601,71.613,0.00,0.00
11:09,39.49042225,72.333,0.00,0.00
11:10,38.85924071,72.873,0.00,0.00
11:11,36.64073905,72.252,0.00,0.00
11:12,35.80473286,72.081,0.00,0.00
11:13,35.69937006,71.973,0.00,0.00
11:14,35.89152691,71.352,0.00,0.00
11:15,35.10325608,70.686,0.00,0.00
11:16,35.08751446,71.01,0.00,0.00
11:17,34.55131674,69.957,0.00,0.00
11:18,35.20489901,70.929,0.00,0.00
11:19,35.41824889,71.721,0.00,0.00
11:20,35.25220942,71.991,0.00,0.00
11:21,35.16770697,72.81,0.00,0.00
11:22,33.62679398,72.036,0.00,0.00
11:23,33.4647848,72.369,0.00,0.00
11:24,33.78015223,70.2,0.00,0.00
11:25,33.99560997,65.718,0.00,0.00
11:26,33.10790741,71.757,0.00,0.00
11:27,34.43670121,67.014,0.00,0.00
11:28,35.5259167,68.598,0.00,0.00
11:29,35.19701028,66.123,0.00,0.00
11:30,37.21291056,70.749,0.00,0.00
11:31,35.58947593,68.031,0.00,0.00
11:32,35.29737648,70.173,0.00,0.00
11:33,33.72306579,69.309,0.00,0.00
11:34,33.75685573,70.641,0.00,0.00
11:35,33.15765738,71.658,0.00,0.00
11:36,33.14286572,71.586,0.00,0.00
11:37,33.8281163,72.126,0.00,0.00
11:38,35.33998293,72.657,0.00,0.00
11:39,34.6956878,74.16,0.00,0.00
11:40,32.85700876,75.69,0.00,0.00
11:41,32.8549329,75.312,0.00,0.00
11:42,32.96761054,77.895,0.00,0.00
11:43,33.30280477,78.642,0.00,0.00
11:44,32.86321056,78.561,0.00,0.00
11:45,32.96635017,78.309,0.00,0.00
11:46,34.32223928,77.688,0.00,0.00
11:47,33.48717293,76.824,0.00,0.00
11:48,32.77440172,76.644,0.00,0.00
11:49,32.22238138,76.05,0.00,0.00
11:50,33.3770265,74.736,0.00,0.00
11:51,33.25098073,72.621,0.00,0.00
11:52,33.68996903,73.269,0.00,0.00
11:53,33.50943339,72.261,0.00,0.00
11:54,34.15757713,71.901,0.00,0.00
11:55,34.3541725,71.046,0.00,0.00
11:56,34.20067647,71.757,0.00,0.00
11:57,30.9232589,71.874,0.00,0.00
11:58,30.43809691,72.315,0.00,0.00
11:59,30.39493677,71.802,0.00,0.00
12:00,38.91180325,81.054,0.00,0.00
12:01,37.72281718,81.765,0.00,0.00
12:02,41.85963249,81.135,0.00,0.00
12:03,33.9653796,81.486,0.00,0.00
12:04,33.91587353,81.162,0.00,0.00
12:05,33.56417763,82.791,0.00,0.00
12:06,33.35898077,80.388,0.00,0.00
12:07,34.201895,80.622,0.00,0.00
12:08,40.97539937,81.531,0.00,0.00
12:09,41.49723709,80.586,0.00,0.00
12:10,41.83143067,81.351,0.00,0.00
12:11,39.83092457,79.524,0.00,0.00
12:12,39.33596814,80.694,0.00,0.00
12:13,39.32955712,80.865,0.00,0.00
12:14,40.14414829,80.118,0.00,0.00
12:15,41.26135594,80.379,0.00,0.00
12:16,41.42281598,80.325,0.00,0.00
12:17,40.99600339,81.036,0.00,0.00
12:18,40.19928673,79.092,0.00,0.00
12:19,44.89858416,79.011,0.00,0.00
12:20,40.80469903,79.407,0.00,0.00
12:21,40.42095852,79.011,0.00,0.00
12:22,42.84244126,78.543,0.00,0.00
12:23,43.00391543,77.733,0.00,0.00
12:24,40.64393288,77.625,0.00,0.00
12:25,40.26389104,76.599,0.00,0.00
12:26,40.51361132,0,40.51,12.15
12:27,40.0211868,76.626,0.00,0.00
12:28,44.78953511,75.177,0.00,0.00
12:29,39.39995599,75.438,0.00,0.00
12:30,39.30226797,74.088,0.00,0.00
12:31,39.03919727,73.053,0.00,0.00
12:32,41.0215272,72.486,0.00,0.00
12:33,38.63308918,72.747,0.00,0.00
12:34,38.49391857,72.531,0.00,0.00
12:35,38.88003561,72.729,0.00,0.00
12:36,38.64533347,72.477,0.00,0.00
12:37,38.13396049,72.855,0.00,0.00
12:38,39.08507019,72.801,0.00,0.00
12:39,42.81056848,72.765,0.00,0.00
12:40,40.00085074,74.277,0.00,0.00
12:41,39.01764134,74.313,0.00,0.00
12:42,40.30359301,74.259,0.00,0.00
12:43,41.45209122,74.583,0.00,0.00
12:44,41.59127426,74.259,0.00,0.00
12:45,46.9300071,73.161,0.00,0.00
12:46,42.17798781,74.511,0.00,0.00
12:47,40.55903077,73.656,0.00,0.00
12:48,42.12209219,72.972,0.00,0.00
12:49,43.86127335,72.72,0.00,0.00
12:50,42.26815957,69.885,0.00,0.00
12:51,42.37616801,70.002,0.00,0.00
12:52,42.68200082,68.724,0.00,0.00
12:53,43.32247335,69.354,0.00,0.00
12:54,46.13608298,70.902,0.00,0.00
12:55,41.0212478,72.198,0.00,0.00
12:56,41.65608689,70.596,0.00,0.00
12:57,42.02257249,70.236,0.00,0.00
12:58,42.12369999,69.075,0.00,0.00
12:59,41.53835991,69.21,0.00,0.00
13:00,37.86736768,64.917,0.00,0.00
13:01,36.94890761,65.043,0.00,0.00
13:02,37.36358893,65.565,0.00,0.00
13:03,37.27575982,64.566,0.00,0.00
13:04,37.18346661,64.548,0.00,0.00
13:05,45.16353884,65.502,0.00,0.00
13:06,44.81444979,66.222,0.00,0.00
13:07,45.36468798,66.42,0.00,0.00
13:08,45.75786388,65.871,0.00,0.00
13:09,45.73541629,65.61,0.00,0.00
13:10,44.48197281,64.899,0.00,0.00
13:11,44.90925729,65.853,0.00,0.00
13:12,44.19961596,66.807,0.00,0.00
13:13,45.42897204,67.797,0.00,0.00
13:14,46.52263874,68.004,0.00,0.00
13:15,45.12796426,68.418,0.00,0.00
13:16,42.0798929,68.4,0.00,0.00
13:17,42.26759827,68.508,0.00,0.00
13:18,43.44868129,68.922,0.00,0.00
13:19,42.94051999,69.417,0.00,0.00
13:20,43.26961532,70.245,0.00,0.00
13:21,44.34132528,70.623,0.00,0.00
13:22,46.86629945,70.902,0.00,0.00
13:23,44.6393069,71.019,0.00,0.00
13:24,44.80908358,71.496,0.00,0.00
13:25,43.77108353,71.127,0.00,0.00
13:26,43.42383063,71.631,0.00,0.00
13:27,42.74388832,71.19,0.00,0.00
13:28,43.7328254,71.136,0.00,0.00
13:29,40.95274079,70.497,0.00,0.00
13:30,36.02886432,71.424,0.00,0.00
13:31,36.47451693,71.379,0.00,0.00
13:32,35.98801571,70.731,0.00,0.00
13:33,37.05009198,70.947,0.00,0.00
13:34,37.09110475,70.353,0.00,0.00
13:35,36.44354582,70.065,0.00,0.00
13:36,36.41838956,69.561,0.00,0.00
13:37,39.9782728,70.056,0.00,0.00
13:38,36.9555915,70.569,0.00,0.00
13:39,35.92903304,70.776,0.00,0.00
13:40,35.02978528,72.189,0.00,0.00
13:41,34.8949137,71.946,0.00,0.00
13:42,34.11466125,72.576,0.00,0.00
13:43,34.13481644,73.539,0.00,0.00
13:44,35.93347004,73.368,0.00,0.00
13:45,35.77207187,74.592,0.00,0.00
13:46,35.82220843,73.611,0.00,0.00
13:47,34.81796864,74.547,0.00,0.00
13:48,36.60443759,75.222,0.00,0.00
13:49,35.28965065,75.465,0.00,0.00
13:50,35.31509471,75.564,0.00,0.00
13:51,34.81582376,76.284,0.00,0.00
13:52,34.42144775,76.743,0.00,0.00
13:53,35.90506598,77.796,0.00,0.00
13:54,35.57702342,78.516,0.00,0.00
13:55,36.03316149,79.578,0.00,0.00
13:56,35.63699001,79.677,0.00,0.00
13:57,36.15145424,80.388,0.00,0.00
13:58,39.66882885,80.388,0.00,0.00
13:59,40.1071018,80.451,0.00,0.00
14:00,40.14291054,47.466,0.00,0.00
14:01,38.41468191,54.369,0.00,0.00
14:02,38.40707847,55.44,0.00,0.00
14:03,36.26266319,55.08,0.00,0.00
14:04,40.23760495,57.357,0.00,0.00
14:05,41.71118098,57.987,0.00,0.00
14:06,40.48841608,59.148,0.00,0.00
14:07,43.21934921,59.022,0.00,0.00
14:08,45.10616738,60.039,0.00,0.00
14:09,40.92553237,60.075,0.00,0.00
14:10,40.08117771,60.084,0.00,0.00
14:11,38.94370419,60.579,0.00,0.00
14:12,39.1080924,60.291,0.00,0.00
14:13,39.06507736,60.507,0.00,0.00
14:14,43.33009842,60.462,0.00,0.00
14:15,43.32035011,61.956,0.00,0.00
14:16,48.38807979,61.713,0.00,0.00
14:17,43.83289361,61.812,0.00,0.00
14:18,45.24519843,63.171,0.00,0.00
14:19,43.54160276,63.45,0.00,0.00
14:20,43.86726871,64.377,0.00,0.00
14:21,43.89481902,65.079,0.00,0.00
14:22,45.9032591,65.457,0.00,0.00
14:23,37.12861991,65.061,0.00,0.00
14:24,38.86689663,64.836,0.00,0.00
14:25,35.09960961,64.701,0.00,0.00
14:26,35.87447923,66.393,0.00,0.00
14:27,34.84507906,66.375,0.00,0.00
14:28,34.23162809,67.068,0.00,0.00
14:29,34.17154813,67.707,0.00,0.00
14:30,34.19612235,67.122,0.00,0.00
14:31,36.90505135,67.689,0.00,0.00
14:32,42.14074838,0,42.14,12.64
14:33,37.06435472,67.437,0.00,0.00
14:34,37.12502807,67.437,0.00,0.00
14:35,37.042678,67.374,0.00,0.00
14:36,37.21747577,67.464,0.00,0.00
14:37,37.92075956,67.797,0.00,0.00
14:38,37.79824018,68.364,0.00,0.00
14:39,36.80421889,67.941,0.00,0.00
14:40,40.74738407,67.032,0.00,0.00
14:41,36.70850837,0,36.71,11.01
14:42,36.41032219,67.752,0.00,0.00
14:43,36.97605246,66.879,0.00,0.00
14:44,35.53463995,61.263,0.00,0.00
14:45,36.94155291,58.977,0.00,0.00
14:46,36.98953262,59.76,0.00,0.00
14:47,36.49866745,60.309,0.00,0.00
14:48,36.66495752,60.804,0.00,0.00
14:49,36.17300883,60.705,0.00,0.00
14:50,36.02026981,61.047,0.00,0.00
14:51,35.45672742,61.74,0.00,0.00
14:52,35.25829858,61.65,0.00,0.00
14:53,35.45876151,62.208,0.00,0.00
14:54,35.72432381,63,0.00,0.00
14:55,38.46544719,63.225,0.00,0.00
14:56,37.68453607,62.973,0.00,0.00
14:57,39.31202236,63.432,0.00,0.00
14:58,39.73350155,64.422,0.00,0.00
14:59,38.53955582,64.278,0.00,0.00
15:00,31.09871846,21.366,9.73,2.92
15:01,31.23319682,26.523,4.71,1.41
15:02,31.59321445,24.867,6.73,2.02
15:03,33.09260899,30.843,2.25,0.67
15:04,33.44023374,25.704,7.74,2.32
15:05,32.40334707,24.723,7.68,2.30
15:06,33.72761929,35.694,0.00,0.00
15:07,32.99646154,35.577,0.00,0.00
15:08,33.04635412,34.011,0.00,0.00
15:09,32.63684249,33.462,0.00,0.00
15:10,31.99464101,32.922,0.00,0.00
15:11,31.57804102,37.701,0.00,0.00
15:12,35.37231696,39.213,0.00,0.00
15:13,35.4065676,40.626,0.00,0.00
15:14,37.5470843,42.57,0.00,0.00
15:15,37.32830143,44.1,0.00,0.00
15:16,37.47846973,44.901,0.00,0.00
15:17,41.4283728,45.252,0.00,0.00
15:18,37.16196263,45.513,0.00,0.00
15:19,37.44632775,46.026,0.00,0.00
15:20,36.12452745,47.034,0.00,0.00
15:21,36.52493227,47.529,0.00,0.00
15:22,37.31179225,46.638,0.00,0.00
15:23,36.06093943,44.523,0.00,0.00
15:24,35.40310398,33.543,1.86,0.56
15:25,35.41603938,28.647,6.77,2.03
15:26,37.99768817,40.509,0.00,0.00
15:27,37.60582227,41.922,0.00,0.00
15:28,42.47391987,47.025,0.00,0.00
15:29,36.58334622,46.008,0.00,0.00
15:30,35.68894851,39.402,0.00,0.00
15:31,37.76585644,48.501,0.00,0.00
15:32,38.9516902,46.593,0.00,0.00
15:33,42.44044662,47.889,0.00,0.00
15:34,41.19078863,44.298,0.00,0.00
15:35,39.30363715,37.602,1.70,0.51
15:36,44.22240543,46.251,0.00,0.00
15:37,45.08703035,46.314,0.00,0.00
15:38,41.33227247,36.18,5.15,1.55
15:39,39.82006001,46.026,0.00,0.00
15:40,39.57259172,46.107,0.00,0.00
15:41,38.42397344,47.178,0.00,0.00
15:42,37.10959885,47.043,0.00,0.00
15:43,37.06174949,46.863,0.00,0.00
15:44,38.73521715,46.881,0.00,0.00
15:45,42.84557024,47.079,0.00,0.00
15:46,38.33154845,46.791,0.00,0.00
15:47,38.87653649,46.674,0.00,0.00
15:48,39.6726442,46.845,0.00,0.00
15:49,38.04001325,47.727,0.00,0.00
15:50,37.98517299,47.286,0.00,0.00
15:51,37.70542037,48.033,0.00,0.00
15:52,39.03867602,47.799,0.00,0.00
15:53,38.5572542,48.852,0.00,0.00
15:54,40.28398812,49.419,0.00,0.00
15:55,39.30699974,49.77,0.00,0.00
15:56,39.80858588,50.409,0.00,0.00
15:57,40.03521001,50.103,0.00,0.00
15:58,38.07734621,50.814,0.00,0.00
15:59,37.00392008,52.767,0.00,0.00
16:00,33.34742457,6.966,26.38,7.91
16:01,33.38817126,7.083,26.31,7.89
16:02,32.0911696,6.543,25.55,7.66
16:03,32.76819992,6.066,26.70,8.01
16:04,33.1364876,6.3,26.84,8.05
16:05,32.51351318,6.606,25.91,7.77
16:06,32.64819431,6.786,25.86,7.76
16:07,36.67091256,7.065,29.61,8.88
16:08,32.09786117,7.326,24.77,7.43
16:09,31.78752896,7.659,24.13,7.24
16:10,31.61120081,7.938,23.67,7.10
16:11,32.65861532,8.136,24.52,7.36
16:12,32.50937256,8.298,24.21,7.26
16:13,32.36248085,8.622,23.74,7.12
16:14,34.74164996,9.135,25.61,7.68
16:15,33.27065608,9.306,23.96,7.19
16:16,32.81136382,8.829,23.98,7.19
16:17,33.37184331,8.928,24.44,7.33
16:18,32.68777058,9.153,23.53,7.06
16:19,29.10293412,9.441,19.66,5.90
16:20,29.6602031,9.711,19.95,5.98
16:21,29.75440568,10.026,19.73,5.92
16:22,28.65257317,10.278,18.37,5.51
16:23,30.95135441,10.467,20.48,6.15
16:24,29.6428763,10.737,18.91,5.67
16:25,29.54618239,10.98,18.57,5.57
16:26,30.90500128,11.331,19.57,5.87
16:27,33.85606581,11.682,22.17,6.65
16:28,30.84429324,12.006,18.84,5.65
16:29,31.35695779,12.321,19.04,5.71
16:30,30.70188332,13.329,17.37,5.21
16:31,26.99953008,20.412,6.59,1.98
16:32,27.07469094,22.149,4.93,1.48
16:33,26.81011355,15.237,11.57,3.47
16:34,31.73856139,14.427,17.31,5.19
16:35,31.00343192,13.599,17.40,5.22
16:36,30.30239046,14.4,15.90,4.77
16:37,29.96725738,22.437,7.53,2.26
16:38,29.77460271,22.599,7.18,2.15
16:39,34.89590621,23.454,11.44,3.43
16:40,28.07154429,25.02,3.05,0.92
16:41,28.04380015,20.367,7.68,2.30
16:42,27.90467128,24.642,3.26,0.98
16:43,27.146745,30.231,0.00,0.00
16:44,27.32046801,30.456,0.00,0.00
16:45,27.77179939,30.879,0.00,0.00
16:46,31.21345121,31.032,0.18,0.05
16:47,30.37927276,31.887,0.00,0.00
16:48,30.77737552,32.346,0.00,0.00
16:49,31.4932884,33.372,0.00,0.00
16:50,32.06245315,33.795,0.00,0.00
16:51,32.04150563,34.245,0.00,0.00
16:52,31.50893962,33.876,0.00,0.00
16:53,31.83229852,27.747,4.09,1.23
16:54,31.66585332,21.726,9.94,2.98
16:55,31.43906182,18.693,12.75,3.82
16:56,32.30317569,18.108,14.20,4.26
16:57,32.43379015,18.234,14.20,4.26
16:58,32.78788716,18.972,13.82,4.14
16:59,31.97786558,19.539,12.44,3.73
17:00,32.70148337,0.063,32.64,9.79
17:01,32.9246031,0.054,32.87,9.86
17:02,32.06269437,0.063,32.00,9.60
17:03,33.11522233,0.081,33.03,9.91
17:04,33.5245319,0.09,33.43,10.03
17:05,32.76631129,0.099,32.67,9.80
17:06,32.11770523,0.126,31.99,9.60
17:07,32.25449485,0.135,32.12,9.64
17:08,32.35771483,0.153,32.20,9.66
17:09,32.55222934,0.162,32.39,9.72
17:10,29.66245151,0.189,29.47,8.84
17:11,30.16969371,0.198,29.97,8.99
17:12,30.06122696,0.216,29.85,8.95
17:13,29.85629869,0.234,29.62,8.89
17:14,31.73179543,0.252,31.48,9.44
17:15,30.63390908,0.306,30.33,9.10
17:16,29.51913482,0.342,29.18,8.75
17:17,29.36901417,0.387,28.98,8.69
17:18,29.27225545,0.468,28.80,8.64
17:19,29.30124235,0.549,28.75,8.63
17:20,33.05547559,0.612,32.44,9.73
17:21,28.97792512,0.72,28.26,8.48
17:22,28.49118277,0.819,27.67,8.30
17:23,27.71862495,0.927,26.79,8.04
17:24,29.44577515,1.044,28.40,8.52
17:25,29.97668749,1.179,28.80,8.64
17:26,30.24227196,1.341,28.90,8.67
17:27,32.79943773,1.467,31.33,9.40
17:28,32.38397902,1.611,30.77,9.23
17:29,31.93552923,1.773,30.16,9.05
17:30,30.51655832,1.89,28.63,8.59
17:31,30.46085098,2.016,28.44,8.53
17:32,36.79783648,2.124,34.67,10.40
17:33,31.13759887,2.232,28.91,8.67
17:34,31.29129249,2.385,28.91,8.67
17:35,33.33156753,2.502,30.83,9.25
17:36,34.46509373,2.646,31.82,9.55
17:37,37.27385312,2.763,34.51,10.35
17:38,36.6830045,2.943,33.74,10.12
17:39,36.79995149,3.132,33.67,10.10
17:40,36.7200045,3.348,33.37,10.01
17:41,36.67083156,3.573,33.10,9.93
17:42,36.41368067,3.834,32.58,9.77
17:43,36.28059143,4.131,32.15,9.64
17:44,33.56767792,4.338,29.23,8.77
17:45,30.81369531,4.581,26.23,7.87
17:46,30.45757627,4.797,25.66,7.70
17:47,29.32098842,4.995,24.33,7.30
17:48,27.4512493,5.175,22.28,6.68
17:49,28.12210017,5.454,22.67,6.80
17:50,28.0839259,5.697,22.39,6.72
17:51,28.20853007,5.949,22.26,6.68
17:52,27.30351859,6.093,21.21,6.36
17:53,27.31087267,6.129,21.18,6.35
17:54,31.63499397,6.084,25.55,7.67
17:55,28.39351988,6.048,22.35,6.70
17:56,32.1546616,6.084,26.07,7.82
17:57,33.18456173,6.426,26.76,8.03
17:58,34.14149863,6.723,27.42,8.23
17:59,33.5174979,6.615,26.90,8.07
18:00,42.28116506,0.054,42.23,12.67
18:01,42.50024682,0.054,42.45,12.73
18:02,42.15814716,0.045,42.11,12.63
18:03,46.76259363,0.045,46.72,14.02
18:04,42.03974354,0.045,41.99,12.60
18:05,41.23536158,0.054,41.18,12.35
18:06,39.91262394,0.045,39.87,11.96
18:07,41.73452479,0.054,41.68,12.50
18:08,40.22989887,0.045,40.18,12.06
18:09,40.19449747,0.054,40.14,12.04
18:10,40.23129451,0.045,40.19,12.06
18:11,41.27850652,0.045,41.23,12.37
18:12,40.94219077,0.054,40.89,12.27
18:13,41.97561997,0.036,41.94,12.58
18:14,41.34636247,0.063,41.28,12.39
18:15,41.53230608,0.054,41.48,12.44
18:16,47.3670305,0.045,47.32,14.20
18:17,43.31399041,0.063,43.25,12.98
18:18,44.49184996,0.054,44.44,13.33
18:19,44.21881378,0.036,44.18,13.25
18:20,45.12469858,0.045,45.08,13.52
18:21,43.41071713,0.045,43.37,13.01
18:22,40.46915495,0.045,40.42,12.13
18:23,40.70059097,0.054,40.65,12.19
18:24,39.39804322,0.045,39.35,11.81
18:25,38.95427227,0.045,38.91,11.67
18:26,40.19749224,0.054,40.14,12.04
18:27,40.15900648,0.036,40.12,12.04
18:28,38.67400879,0.045,38.63,11.59
18:29,38.79721883,0.045,38.75,11.63
18:30,42.28652993,0.036,42.25,12.68
18:31,38.27687234,0.045,38.23,11.47
18:32,38.238702,0.054,38.18,11.46
18:33,38.87403515,0.045,38.83,11.65
18:34,38.88527647,0.045,38.84,11.65
18:35,38.27271679,0.036,38.24,11.47
18:36,39.25383559,0.054,39.20,11.76
18:37,36.96570209,0.036,36.93,11.08
18:38,36.32961774,0.054,36.28,10.88
18:39,35.1356281,0.054,35.08,10.52
18:40,32.94573104,0.045,32.90,9.87
18:41,33.67605284,0.045,33.63,10.09
18:42,33.07813731,0.045,33.03,9.91
18:43,37.12495708,0.036,37.09,11.13
18:44,33.69951385,0.045,33.65,10.10
18:45,32.98748839,0.045,32.94,9.88
18:46,34.13068843,0.045,34.09,10.23
18:47,33.56163284,0.045,33.52,10.05
18:48,33.93737313,0.045,33.89,10.17
18:49,33.84641799,0.054,33.79,10.14
18:50,33.08427465,0.045,33.04,9.91
18:51,32.86102805,0.054,32.81,9.84
18:52,30.83584696,0.045,30.79,9.24
18:53,31.65912616,0.045,31.61,9.48
18:54,35.99113995,0.054,35.94,10.78
18:55,31.33480257,0.045,31.29,9.39
18:56,30.91493359,0.045,30.87,9.26
18:57,31.47411025,0.063,31.41,9.42
18:58,31.58892721,0.054,31.53,9.46
18:59,31.53117567,0.054,31.48,9.44
19:00,38.37163246,0.054,38.32,11.50
19:01,39.16983497,0.054,39.12,11.73
19:02,38.33173621,0.054,38.28,11.48
19:03,38.28993863,0.045,38.24,11.47
19:04,37.74311024,0.045,37.70,11.31
19:05,37.87008405,0.063,37.81,11.34
19:06,42.4545781,0.054,42.40,12.72
19:07,38.38428605,0.045,38.34,11.50
19:08,38.43014109,0.045,38.39,11.52
19:09,37.71309614,0.054,37.66,11.30
19:10,37.66175616,0.054,37.61,11.28
19:11,38.1325686,0.045,38.09,11.43
19:12,39.32877445,0.036,39.29,11.79
19:13,40.03602648,0.036,40.00,12.00
19:14,41.5769434,0.054,41.52,12.46
19:15,41.48439252,0.027,41.46,12.44
19:16,40.98740584,0.045,40.94,12.28
19:17,40.9631651,0.036,40.93,12.28
19:18,44.95766169,0.054,44.90,13.47
19:19,40.93382514,0.045,40.89,12.27
19:20,41.18256435,0.045,41.14,12.34
19:21,42.41789684,0.045,42.37,12.71
19:22,45.13239259,0.045,45.09,13.53
19:23,42.97605193,0.063,42.91,12.87
19:24,41.04130295,0.045,41.00,12.30
19:25,40.70360076,0.054,40.65,12.19
19:26,40.47004259,0.045,40.43,12.13
19:27,40.2895124,0.045,40.24,12.07
19:28,41.79165691,0.045,41.75,12.52
19:29,41.75081509,0.054,41.70,12.51
19:30,43.82351732,0.045,43.78,13.13
19:31,39.28881276,0.054,39.23,11.77
19:32,39.52691871,0.054,39.47,11.84
19:33,39.35709268,0.054,39.30,11.79
19:34,38.90755785,0.063,38.84,11.65
19:35,39.51285821,0.054,39.46,11.84
19:36,39.41104835,0.045,39.37,11.81
19:37,39.45285559,0.054,39.40,11.82
19:38,38.90668344,0.045,38.86,11.66
19:39,39.0695225,0.045,39.02,11.71
19:40,37.6262632,0.063,37.56,11.27
19:41,37.80293217,0.054,37.75,11.32
19:42,39.25726998,0.045,39.21,11.76
19:43,39.16485035,0.045,39.12,11.74
19:44,38.87296504,0.045,38.83,11.65
19:45,38.84849882,0.045,38.80,11.64
19:46,38.83248022,0.045,38.79,11.64
19:47,42.02215594,0.045,41.98,12.59
19:48,40.18220973,0.036,40.15,12.04
19:49,38.99182007,0.045,38.95,11.68
19:50,43.40392461,0.045,43.36,13.01
19:51,39.21388337,0.045,39.17,11.75
19:52,40.42737687,0.045,40.38,12.11
19:53,40.0828903,0.054,40.03,12.01
19:54,39.39310858,0.045,39.35,11.80
19:55,42.40950215,0.054,42.36,12.71
19:56,42.54970559,0.063,42.49,12.75
19:57,41.72165376,0.054,41.67,12.50
19:58,41.31717083,0.054,41.26,12.38
19:59,41.34052768,0.054,41.29,12.39
20:00,35.18661851,0.045,35.14,10.54
20:01,36.38126457,0.045,36.34,10.90
20:02,36.28557935,0.054,36.23,10.87
20:03,35.70350048,0.045,35.66,10.70
20:04,35.55584729,0.045,35.51,10.65
20:05,34.82206553,0.045,34.78,10.43
20:06,34.60040089,0.045,34.56,10.37
20:07,34.21177715,0.045,34.17,10.25
20:08,35.00983626,0,35.01,10.50
20:09,33.76693046,0.045,33.72,10.12
20:10,39.10146886,0.036,39.07,11.72
20:11,35.68263012,0.036,35.65,10.69
20:12,33.91174865,0.045,33.87,10.16
20:13,34.78412533,0.054,34.73,10.42
20:14,34.82730961,0.045,34.78,10.43
20:15,34.70476305,0.045,34.66,10.40
20:16,35.61964202,0.036,35.58,10.68
20:17,35.64907658,0.045,35.60,10.68
20:18,35.66705096,0.045,35.62,10.69
20:19,34.83123207,0.045,34.79,10.44
20:20,34.80631006,0.045,34.76,10.43
20:21,35.54870367,0.054,35.49,10.65
20:22,41.97830558,0.045,41.93,12.58
20:23,38.00305474,0.036,37.97,11.39
20:24,37.50753433,0.045,37.46,11.24
20:25,36.03375238,0.054,35.98,10.79
20:26,35.48959145,0.036,35.45,10.64
20:27,35.6317555,0.045,35.59,10.68
20:28,35.30916962,0.054,35.26,10.58
20:29,35.13598019,0.054,35.08,10.52
20:30,35.53141639,0.054,35.48,10.64
20:31,35.97429103,0.054,35.92,10.78
20:32,38.99199504,0.063,38.93,11.68
20:33,34.86637044,0.045,34.82,10.45
20:34,34.57099074,0.054,34.52,10.36
20:35,37.81035608,0.045,37.77,11.33
20:36,37.75509587,0.045,37.71,11.31
20:37,39.42776728,0.054,39.37,11.81
20:38,39.35371104,0.054,39.30,11.79
20:39,39.01899201,0.063,38.96,11.69
20:40,38.61915296,0.045,38.57,11.57
20:41,38.45404235,0.045,38.41,11.52
20:42,38.1593374,0.045,38.11,11.43
20:43,37.56359267,0.045,37.52,11.26
20:44,41.6032252,0.045,41.56,12.47
20:45,38.01287609,0.045,37.97,11.39
20:46,38.23984462,0.054,38.19,11.46
20:47,40.66550338,0.054,40.61,12.18
20:48,35.79857773,0.054,35.74,10.72
20:49,35.21218738,0.072,35.14,10.54
20:50,35.19379359,0.027,35.17,10.55
20:51,36.11141798,0.054,36.06,10.82
20:52,35.9639706,0.045,35.92,10.78
20:53,35.59351265,0.054,35.54,10.66
20:54,35.36015743,0.054,35.31,10.59
20:55,35.81213692,0.054,35.76,10.73
20:56,37.45743406,0.045,37.41,11.22
20:57,37.4858678,0.054,37.43,11.23
20:58,36.86277115,0.045,36.82,11.05
20:59,35.94838777,0.045,35.90,10.77
21:00,35.19906002,0.045,35.15,10.55
21:01,35.40377587,0.045,35.36,10.61
21:02,35.35901329,0.054,35.31,10.59
21:03,38.94050753,0.054,38.89,11.67
21:04,36.12645489,0.045,36.08,10.82
21:05,36.32114339,0.063,36.26,10.88
21:06,36.27327257,0.054,36.22,10.87
21:07,36.23813,0.054,36.18,10.86
21:08,35.85130933,0.054,35.80,10.74
21:09,35.96876478,0.063,35.91,10.77
21:10,32.63707343,0.045,32.59,9.78
21:11,34.36628973,0.054,34.31,10.29
21:12,34.78117955,0.054,34.73,10.42
21:13,34.73029214,0.045,34.69,10.41
21:14,33.88466835,0.045,33.84,10.15
21:15,32.7331751,0.054,32.68,9.80
21:16,36.83265352,0.045,36.79,11.04
21:17,32.5253858,0.045,32.48,9.74
21:18,33.70984268,0.045,33.66,10.10
21:19,33.04469204,0.054,32.99,9.90
21:20,33.02100152,0.036,32.99,9.90
21:21,35.10882711,0.045,35.06,10.52
21:22,35.42882466,0.045,35.38,10.62
21:23,34.92800045,0.054,34.87,10.46
21:24,33.01686394,0.045,32.97,9.89
21:25,33.00268042,0.045,32.96,9.89
21:26,33.52000308,0.054,33.47,10.04
21:27,33.50410295,0.045,33.46,10.04
21:28,33.23353046,0.063,33.17,9.95
21:29,32.70700836,0.045,32.66,9.80
21:30,37.50403297,0.045,37.46,11.24
21:31,35.11602116,0.054,35.06,10.52
21:32,34.13785815,0.054,34.08,10.23
21:33,32.91229257,0.045,32.87,9.86
21:34,32.87642348,0.045,32.83,9.85
21:35,32.80149177,0.045,32.76,9.83
21:36,32.79991186,0.045,32.75,9.83
21:37,31.07280752,0.045,31.03,9.31
21:38,31.04566893,0.045,31.00,9.30
21:39,30.98658666,0.045,30.94,9.28
21:40,31.55292106,0.054,31.50,9.45
21:41,32.20120624,0.054,32.15,9.64
21:42,33.37431765,0.045,33.33,10.00
21:43,31.58758584,0.045,31.54,9.46
21:44,36.45598832,0.045,36.41,10.92
21:45,32.27466202,0.045,32.23,9.67
21:46,30.93408135,0.045,30.89,9.27
21:47,31.62779135,0.054,31.57,9.47
21:48,31.6574952,0.045,31.61,9.48
21:49,31.05180913,0.045,31.01,9.30
21:50,31.06829676,0.054,31.01,9.30
21:51,31.47414368,0.045,31.43,9.43
21:52,31.34302846,0.045,31.30,9.39
21:53,30.74448904,0.045,30.70,9.21
21:54,33.15013567,0.036,33.11,9.93
21:55,33.08897156,0.036,33.05,9.92
21:56,33.64256045,0.045,33.60,10.08
21:57,37.76001111,0.036,37.72,11.32
21:58,34.91259044,0.045,34.87,10.46
21:59,35.34265843,0.054,35.29,10.59
22:00,40.57670993,0.045,40.53,12.16
22:01,41.27839977,0.045,41.23,12.37
22:02,39.28423119,0.054,39.23,11.77
22:03,39.25597447,0.045,39.21,11.76
22:04,39.82573628,0.054,39.77,11.93
22:05,39.83005822,0.063,39.77,11.93
22:06,39.25745219,0.054,39.20,11.76
22:07,38.06074584,0.054,38.01,11.40
22:08,38.05609399,0.063,37.99,11.40
22:09,38.01286966,0.054,37.96,11.39
22:10,41.42547548,0.054,41.37,12.41
22:11,38.45162505,0.054,38.40,11.52
22:12,35.42440331,0.054,35.37,10.61
22:13,34.95251191,0.045,34.91,10.47
22:14,35.42051321,0.045,35.38,10.61
22:15,35.21921182,0.045,35.17,10.55
22:16,34.48578948,0.045,34.44,10.33
22:17,34.02558017,0.045,33.98,10.19
22:18,34.00088453,0.054,33.95,10.18
22:19,33.96873361,0.054,33.91,10.17
22:20,34.07105738,0.063,34.01,10.20
22:21,35.84686822,0.045,35.80,10.74
22:22,35.86383408,0.036,35.83,10.75
22:23,34.58407313,0.054,34.53,10.36
22:24,38.03667605,0.054,37.98,11.39
22:25,34.10642266,0.054,34.05,10.22
22:26,34.73170835,0.045,34.69,10.41
22:27,37.13958514,0.045,37.09,11.13
22:28,38.75968391,0.054,38.71,11.61
22:29,39.6789777,0.054,39.62,11.89
22:30,38.53811556,0.054,38.48,11.55
22:31,39.13248539,0.045,39.09,11.73
22:32,37.40250894,0.054,37.35,11.20
22:33,36.81291845,0.054,36.76,11.03
22:34,36.81853858,0.045,36.77,11.03
22:35,36.87353584,0.054,36.82,11.05
22:36,37.16297811,0.045,37.12,11.14
22:37,38.22382879,0.054,38.17,11.45
22:38,37.89254594,0.054,37.84,11.35
22:39,37.96565759,0.063,37.90,11.37
22:40,38.05810493,0.045,38.01,11.40
22:41,37.49226862,0.054,37.44,11.23
22:42,36.33853689,0.045,36.29,10.89
22:43,36.14083958,0.054,36.09,10.83
22:44,36.13726097,0.045,36.09,10.83
22:45,33.76836079,0.045,33.72,10.12
22:46,32.88225129,0.036,32.85,9.85
22:47,32.93059981,0.054,32.88,9.86
22:48,32.98082533,0.054,32.93,9.88
22:49,37.01139387,0.045,36.97,11.09
22:50,33.5383839,0.045,33.49,10.05
22:51,34.19948548,0.045,34.15,10.25
22:52,35.88329351,0.045,35.84,10.75
22:53,35.12883461,0.045,35.08,10.53
22:54,33.53034192,0.045,33.49,10.05
22:55,34.76666299,0.045,34.72,10.42
22:56,35.85232723,0.045,35.81,10.74
22:57,35.34351504,0.045,35.30,10.59
22:58,34.7997264,0.045,34.75,10.43
22:59,34.75594747,0.054,34.70,10.41
23:00,36.53263968,0.045,36.49,10.95
23:01,36.49080268,0.036,36.45,10.94
23:02,41.87233517,0.045,41.83,12.55
23:03,37.76190028,0.045,37.72,11.32
23:04,37.05537093,0.045,37.01,11.10
23:05,36.44067416,0.045,36.40,10.92
23:07,36.43142402,0.054,36.38,10.91
23:08,36.37577417,0.045,36.33,10.90
23:09,36.71789727,0.054,36.66,11.00
23:10,36.72368896,0.054,36.67,11.00
23:11,38.07911217,0.045,38.03,11.41
23:12,37.23546946,0.054,37.18,11.15
23:13,36.66584077,0.045,36.62,10.99
23:14,35.47396937,0.045,35.43,10.63
23:15,35.16943288,0.054,35.12,10.53
23:16,36.87888926,0.045,36.83,11.05
23:17,36.05151522,0.054,36.00,10.80
23:18,39.35777199,0.054,39.30,11.79
23:20,38.68375415,0.054,38.63,11.59
23:21,39.16605163,0.045,39.12,11.74
23:22,39.14383292,0.045,39.10,11.73
23:23,39.1082899,0.054,39.05,11.72
23:24,38.24921966,0.054,38.20,11.46
23:25,43.60965478,0.054,43.56,13.07
23:26,40.00112092,0.045,39.96,11.99
23:27,39.5547452,0.054,39.50,11.85
23:28,39.48713064,0.045,39.44,11.83
23:29,40.76669455,0.045,40.72,12.22
23:30,41.16077614,0.045,41.12,12.33
23:31,41.89612949,0.045,41.85,12.56
23:32,40.5661304,0.045,40.52,12.16
23:33,39.90307832,0.045,39.86,11.96
23:34,39.12148386,0.054,39.07,11.72
23:35,39.08463317,0.045,39.04,11.71
23:36,39.05387199,0.036,39.02,11.71
23:37,38.07854515,0.045,38.03,11.41
23:38,37.89516449,0.054,37.84,11.35
23:39,37.87351379,0.054,37.82,11.35
23:40,39.01284537,0.054,38.96,11.69
23:41,38.14229867,0.054,38.09,11.43
23:42,37.95187721,0.045,37.91,11.37
23:43,38.29903033,0.045,38.25,11.48
23:44,38.32556695,0.054,38.27,11.48
23:45,38.80303493,0.054,38.75,11.62
23:46,43.81007981,0.054,43.76,13.13
23:47,40.74490571,0.045,40.70,12.21
23:48,40.02729285,0.054,39.97,11.99
23:49,39.45812085,0.045,39.41,11.82
23:50,38.77267885,0.054,38.72,11.62
23:51,39.18383297,0.054,39.13,11.74
23:52,40.16011342,0.054,40.11,12.03
23:53,39.56565401,0.054,39.51,11.85
23:54,39.50158909,0.045,39.46,11.84
23:55,39.43632254,0.045,39.39,11.82
23:56,38.85469553,0.045,38.81,11.64
23:57,42.75704205,0.045,42.71,12.81
23:58,40.46389711,0.045,40.42,12.13
23:59,40.89918119,0.045,40.85,12.26
,,,,"10,024.68"